DATE,CSUSHPISA,Year,Month,Per_Capita_GDP,Working_Population,Interest_Rate,Construction Price,New_House_Supply,CPI,Urban,Subsidies,median_income,Total_Households
2000-01-01,100.551,2000.0,1.0,49335.0,178203100.0,5.45,144.1,4.3,169.3,79.057,19.69,67470.0,104705
2000-02-01,101.339,2000.0,2.0,49593.0,178283700.0,5.73,144.7,4.3,170.0,79.057,19.69,67470.0,104705
2000-03-01,102.127,2000.0,3.0,49851.0,178367000.0,5.85,145.4,4.3,171.0,79.057,19.69,67470.0,104705
2000-04-01,102.922,2000.0,4.0,50109.0,178534500.0,6.02,145.6,4.4,170.9,79.057,19.69,67470.0,104705
2000-05-01,103.677,2000.0,5.0,50080.666666666664,178771600.0,6.27,144.9,4.4,171.2,79.057,19.69,67470.0,104705
2000-06-01,104.424,2000.0,6.0,50052.333333333336,179073800.0,6.53,145.0,4.8,172.2,79.057,19.69,67470.0,104705
2000-07-01,105.054,2000.0,7.0,50024.0,179373400.0,6.54,144.4,4.1,172.7,79.057,19.69,67470.0,104705
2000-08-01,105.768,2000.0,8.0,50079.333333333336,179447100.0,6.5,143.7,4.4,172.7,79.057,19.69,67470.0,104705
2000-09-01,106.538,2000.0,9.0,50134.666666666664,179619600.0,6.52,143.4,4.0,173.6,79.057,19.69,67470.0,104705
2000-10-01,107.382,2000.0,10.0,50190.0,179814300.0,6.51,143.3,4.0,173.9,79.057,19.69,67470.0,104705
2000-11-01,108.302,2000.0,11.0,50097.0,179924900.0,6.51,142.7,4.2,174.2,79.057,19.69,67470.0,104705
2000-12-01,109.142,2000.0,12.0,50004.0,180061800.0,6.4,142.5,3.6,174.6,79.057,19.69,67470.0,104705
2001-01-01,109.846,2001.0,1.0,49911.0,180348200.0,5.98,142.0,3.8,175.6,79.234,20.573,66360.0,108209
2001-02-01,110.501,2001.0,2.0,49975.666666666664,180505900.0,5.49,142.4,3.7,176.0,79.234,20.573,66360.0,108209
2001-03-01,111.108,2001.0,3.0,50040.333333333336,180595600.0,5.31,142.4,3.8,176.1,79.234,20.573,66360.0,108209
2001-04-01,111.652,2001.0,4.0,50105.0,180851800.0,4.8,142.5,3.9,176.4,79.234,20.573,66360.0,108209
2001-05-01,112.164,2001.0,5.0,49994.666666666664,181013500.0,4.21,144.2,4.0,177.3,79.234,20.573,66360.0,108209
2001-06-01,112.797,2001.0,6.0,49884.333333333336,181357900.0,3.97,144.3,4.2,177.7,79.234,20.573,66360.0,108209
2001-07-01,113.491,2001.0,7.0,49774.0,181603400.0,3.77,143.4,4.2,177.4,79.234,20.573,66360.0,108209
2001-08-01,114.167,2001.0,8.0,49777.0,181867800.0,3.65,143.3,4.4,177.4,79.234,20.573,66360.0,108209
2001-09-01,114.812,2001.0,9.0,49780.0,181987100.0,3.07,143.0,4.4,178.1,79.234,20.573,66360.0,108209
2001-10-01,115.31,2001.0,10.0,49783.0,182252800.0,2.49,142.3,4.3,177.6,79.234,20.573,66360.0,108209
2001-11-01,115.857,2001.0,11.0,49885.666666666664,182520400.0,2.09,142.1,4.1,177.5,79.234,20.573,66360.0,108209
2001-12-01,116.455,2001.0,12.0,49988.333333333336,182717500.0,1.82,141.7,3.8,177.4,79.234,20.573,66360.0,108209
2002-01-01,117.143,2002.0,1.0,50091.0,182669900.0,1.73,142.0,4.2,177.7,79.409,24.183,65820.0,109297
2002-02-01,117.844,2002.0,2.0,50156.0,182822700.0,1.74,142.2,4.0,178.0,79.409,24.183,65820.0,109297
2002-03-01,118.687,2002.0,3.0,50221.0,183078000.0,1.73,143.2,4.1,178.5,79.409,24.183,65820.0,109297
2002-04-01,119.611,2002.0,4.0,50286.0,183316800.0,1.75,143.5,4.3,179.3,79.409,24.183,65820.0,109297
2002-05-01,120.724,2002.0,5.0,50311.333333333336,183463400.0,1.75,143.8,4.0,179.5,79.409,24.183,65820.0,109297
2002-06-01,121.813,2002.0,6.0,50336.666666666664,183670900.0,1.75,144.3,4.2,179.6,79.409,24.183,65820.0,109297
2002-07-01,122.888,2002.0,7.0,50362.0,183872500.0,1.73,144.7,4.2,180.0,79.409,24.183,65820.0,109297
2002-08-01,123.831,2002.0,8.0,50342.0,184128100.0,1.74,145.1,4.0,180.5,79.409,24.183,65820.0,109297
2002-09-01,124.78,2002.0,9.0,50322.0,184246700.0,1.75,145.4,3.9,180.8,79.409,24.183,65820.0,109297
2002-10-01,125.735,2002.0,10.0,50302.0,184458700.0,1.75,145.0,4.0,181.2,79.409,24.183,65820.0,109297
2002-11-01,126.67,2002.0,11.0,50355.333333333336,184790300.0,1.34,144.6,4.0,181.5,79.409,24.183,65820.0,109297
2002-12-01,127.624,2002.0,12.0,50408.666666666664,184908300.0,1.24,144.3,4.0,181.8,79.409,24.183,65820.0,109297
2003-01-01,128.461,2003.0,1.0,50462.0,185658200.0,1.24,144.4,4.0,182.6,79.583,25.93,65860.0,111278
2003-02-01,129.356,2003.0,2.0,50573.333333333336,185827800.0,1.26,145.2,4.5,183.6,79.583,25.93,65860.0,111278
2003-03-01,130.148,2003.0,3.0,50684.666666666664,186120900.0,1.25,145.2,4.1,183.9,79.583,25.93,65860.0,111278
2003-04-01,130.885,2003.0,4.0,50796.0,186476400.0,1.26,145.9,4.1,183.2,79.583,25.93,65860.0,111278
2003-05-01,131.735,2003.0,5.0,51034.666666666664,186699400.0,1.26,145.8,3.9,182.9,79.583,25.93,65860.0,111278
2003-06-01,132.649,2003.0,6.0,51273.333333333336,186892300.0,1.22,146.1,3.5,183.1,79.583,25.93,65860.0,111278
2003-07-01,133.77700000000002,2003.0,7.0,51512.0,187170700.0,1.01,147.0,3.6,183.7,79.583,25.93,65860.0,111278
2003-08-01,134.968,2003.0,8.0,51670.0,187380800.0,1.03,147.2,3.5,184.5,79.583,25.93,65860.0,111278
2003-09-01,136.29399999999998,2003.0,9.0,51828.0,187559600.0,1.01,149.0,3.8,185.1,79.583,25.93,65860.0,111278
2003-10-01,137.532,2003.0,10.0,51986.0,187717800.0,1.01,149.6,3.8,184.9,79.583,25.93,65860.0,111278
2003-11-01,138.795,2003.0,11.0,52050.333333333336,187912400.0,1.0,150.2,4.1,185.0,79.583,25.93,65860.0,111278
2003-12-01,140.18,2003.0,12.0,52114.666666666664,188028000.0,0.98,149.7,4.0,185.5,79.583,25.93,65860.0,111278
2004-01-01,141.64700000000002,2004.0,1.0,52179.0,187567500.0,1.0,150.0,3.8,186.3,79.757,27.201,65760.0,112000
2004-02-01,143.192,2004.0,2.0,52275.666666666664,187830600.0,1.01,153.4,3.7,186.7,79.757,27.201,65760.0,112000
2004-03-01,145.058,2004.0,3.0,52372.333333333336,188108000.0,1.0,156.5,3.6,187.1,79.757,27.201,65760.0,112000
2004-04-01,146.592,2004.0,4.0,52469.0,188336800.0,1.0,160.1,4.0,187.4,79.757,27.201,65760.0,112000
2004-05-01,148.186,2004.0,5.0,52591.0,188539500.0,1.0,162.7,3.8,188.2,79.757,27.201,65760.0,112000
2004-06-01,149.851,2004.0,6.0,52713.0,188690600.0,1.03,162.0,3.9,188.9,79.757,27.201,65760.0,112000
2004-07-01,151.338,2004.0,7.0,52835.0,188782800.0,1.26,162.2,4.5,189.1,79.757,27.201,65760.0,112000
2004-08-01,152.634,2004.0,8.0,52970.666666666664,189029100.0,1.43,165.9,4.3,189.2,79.757,27.201,65760.0,112000
2004-09-01,154.18,2004.0,9.0,53106.333333333336,189281900.0,1.61,167.2,4.1,189.8,79.757,27.201,65760.0,112000
2004-10-01,155.752,2004.0,10.0,53242.0,189471600.0,1.76,165.9,3.9,190.8,79.757,27.201,65760.0,112000
2004-11-01,157.528,2004.0,11.0,53401.0,189647800.0,1.93,165.5,4.3,191.7,79.757,27.201,65760.0,112000
2004-12-01,159.33100000000002,2004.0,12.0,53560.0,189849000.0,2.16,166.3,4.1,191.7,79.757,27.201,65760.0,112000
2005-01-01,161.289,2005.0,1.0,53719.0,190030800.0,2.28,168.6,4.4,191.6,79.928,27.651,66780.0,113343
2005-02-01,163.344,2005.0,2.0,53768.666666666664,190206400.0,2.5,170.4,4.3,192.4,79.928,27.651,66780.0,113343
2005-03-01,165.813,2005.0,3.0,53818.333333333336,190429200.0,2.63,170.0,4.1,193.1,79.928,27.651,66780.0,113343
2005-04-01,167.502,2005.0,4.0,53868.0,190493800.0,2.79,170.0,4.3,193.7,79.928,27.651,66780.0,113343
2005-05-01,169.351,2005.0,5.0,53963.0,190683200.0,3.0,168.1,4.2,193.6,79.928,27.651,66780.0,113343
2005-06-01,171.19099999999997,2005.0,6.0,54058.0,190897800.0,3.04,167.8,4.3,193.7,79.928,27.651,66780.0,113343
2005-07-01,172.86,2005.0,7.0,54153.0,191053200.0,3.26,167.2,4.2,194.9,79.928,27.651,66780.0,113343
2005-08-01,174.442,2005.0,8.0,54207.666666666664,191193200.0,3.5,165.9,4.5,196.1,79.928,27.651,66780.0,113343
2005-09-01,176.437,2005.0,9.0,54262.333333333336,191475400.0,3.62,168.9,4.7,198.8,79.928,27.651,66780.0,113343
2005-10-01,178.02700000000002,2005.0,10.0,54317.0,191700200.0,3.78,171.6,4.5,199.1,79.928,27.651,66780.0,113343
2005-11-01,179.68,2005.0,11.0,54520.333333333336,191993800.0,4.0,172.7,5.0,198.1,79.928,27.651,66780.0,113343
2005-12-01,180.91,2005.0,12.0,54723.666666666664,192185900.0,4.16,173.5,4.9,198.1,79.928,27.651,66780.0,113343
2006-01-01,182.32,2006.0,1.0,54927.0,192324000.0,4.29,177.2,5.3,199.3,80.099,28.604,67520.0,114384
2006-02-01,183.287,2006.0,2.0,54933.0,192512200.0,4.49,177.7,6.1,199.4,80.099,28.604,67520.0,114384
2006-03-01,184.365,2006.0,3.0,54939.0,192619200.0,4.59,178.3,5.9,199.7,80.099,28.604,67520.0,114384
2006-04-01,184.328,2006.0,4.0,54945.0,192790300.0,4.79,179.0,6.3,200.7,80.099,28.604,67520.0,114384
2006-05-01,184.155,2006.0,5.0,54925.333333333336,192948300.0,4.94,179.9,6.2,201.3,80.099,28.604,67520.0,114384
2006-06-01,183.507,2006.0,6.0,54905.666666666664,193183000.0,4.99,180.7,6.3,201.8,80.099,28.604,67520.0,114384
2006-07-01,183.066,2006.0,7.0,54886.0,193410800.0,5.24,182.3,7.3,202.9,80.099,28.604,67520.0,114384
2006-08-01,182.593,2006.0,8.0,54996.0,193525600.0,5.25,182.6,6.7,203.8,80.099,28.604,67520.0,114384
2006-09-01,182.798,2006.0,9.0,55106.0,193585100.0,5.25,183.3,6.7,202.8,80.099,28.604,67520.0,114384
2006-10-01,183.197,2006.0,10.0,55216.0,193711000.0,5.25,182.3,7.3,201.9,80.099,28.604,67520.0,114384
2006-11-01,183.608,2006.0,11.0,55230.666666666664,193924100.0,5.25,179.8,6.6,202.0,80.099,28.604,67520.0,114384
2006-12-01,184.138,2006.0,12.0,55245.333333333336,194093200.0,5.24,179.8,6.5,203.1,80.099,28.604,67520.0,114384
2007-01-01,184.516,2007.0,1.0,55260.0,194822600.0,5.25,181.1,7.2,203.437,80.269,29.512,68610.0,116011
2007-02-01,184.598,2007.0,2.0,55331.333333333336,195054500.0,5.26,181.5,7.9,204.226,80.269,29.512,68610.0,116011
2007-03-01,184.15,2007.0,3.0,55402.666666666664,195156400.0,5.26,182.5,7.9,205.288,80.269,29.512,68610.0,116011
2007-04-01,183.01,2007.0,4.0,55474.0,195253900.0,5.25,183.7,7.4,205.904,80.269,29.512,68610.0,116011
2007-05-01,181.6,2007.0,5.0,55532.333333333336,195417400.0,5.25,184.0,7.8,206.755,80.269,29.512,68610.0,116011
2007-06-01,180.253,2007.0,6.0,55590.666666666664,195662900.0,5.25,184.0,8.2,207.234,80.269,29.512,68610.0,116011
2007-07-01,179.11,2007.0,7.0,55649.0,195834700.0,5.26,184.2,8.3,207.603,80.269,29.512,68610.0,116011
2007-08-01,178.116,2007.0,8.0,55718.333333333336,195970800.0,5.02,183.9,9.2,207.667,80.269,29.512,68610.0,116011
2007-09-01,177.55700000000002,2007.0,9.0,55787.666666666664,196064700.0,4.94,183.4,9.2,208.547,80.269,29.512,68610.0,116011
2007-10-01,176.623,2007.0,10.0,55857.0,196112600.0,4.76,183.0,8.5,209.19,80.269,29.512,68610.0,116011
2007-11-01,175.146,2007.0,11.0,55737.0,196172900.0,4.49,183.3,9.4,210.834,80.269,29.512,68610.0,116011
2007-12-01,174.34099999999998,2007.0,12.0,55617.0,196411200.0,4.24,183.5,9.6,211.445,80.269,29.512,68610.0,116011
2008-01-01,173.13099999999997,2008.0,1.0,55497.0,196060600.0,3.94,184.3,9.3,212.174,80.438,29.876,66280.0,116783
2008-02-01,171.53900000000002,2008.0,2.0,55566.333333333336,196238800.0,2.98,185.7,9.7,212.687,80.438,29.876,66280.0,116783
2008-03-01,170.05200000000002,2008.0,3.0,55635.666666666664,196376200.0,2.61,187.8,10.5,213.448,80.438,29.876,66280.0,116783
2008-04-01,168.33700000000002,2008.0,4.0,55705.0,196226800.0,2.28,190.9,10.3,213.942,80.438,29.876,66280.0,116783
2008-05-01,166.658,2008.0,5.0,55562.666666666664,196451800.0,1.98,195.8,10.7,215.208,80.438,29.876,66280.0,116783
2008-06-01,165.016,2008.0,6.0,55420.333333333336,196512500.0,2.0,200.4,10.7,217.463,80.438,29.876,66280.0,116783
2008-07-01,163.564,2008.0,7.0,55278.0,196570000.0,2.01,203.4,10.5,219.016,80.438,29.876,66280.0,116783
2008-08-01,161.986,2008.0,8.0,54832.333333333336,196688200.0,2.0,206.5,11.3,218.69,80.438,29.876,66280.0,116783
2008-09-01,160.30700000000002,2008.0,9.0,54386.666666666664,196838600.0,1.81,206.3,10.9,218.877,80.438,29.876,66280.0,116783
2008-10-01,158.326,2008.0,10.0,53941.0,196975300.0,0.97,201.8,11.6,216.995,80.438,29.876,66280.0,116783
2008-11-01,156.141,2008.0,11.0,53701.0,197131300.0,0.39,199.6,11.4,213.153,80.438,29.876,66280.0,116783
2008-12-01,153.618,2008.0,12.0,53461.0,197421900.0,0.16,194.8,11.2,211.398,80.438,29.876,66280.0,116783
2009-01-01,151.506,2009.0,1.0,53221.0,197061200.0,0.15,193.3,12.2,211.933,80.606,32.883,65850.0,117181
2009-02-01,150.014,2009.0,2.0,53153.0,197289800.0,0.22,191.2,10.5,212.705,80.606,32.883,65850.0,117181
2009-03-01,148.659,2009.0,3.0,53085.0,197534500.0,0.18,190.2,11.0,212.495,80.606,32.883,65850.0,117181
2009-04-01,147.947,2009.0,4.0,53017.0,197857400.0,0.15,188.1,10.7,212.709,80.606,32.883,65850.0,117181
2009-05-01,147.69299999999998,2009.0,5.0,53038.333333333336,197951500.0,0.18,186.9,9.3,213.022,80.606,32.883,65850.0,117181
2009-06-01,148.088,2009.0,6.0,53059.666666666664,197605500.0,0.21,187.1,8.5,214.79,80.606,32.883,65850.0,117181
2009-07-01,148.408,2009.0,7.0,53081.0,197704000.0,0.16,187.6,7.9,214.726,80.606,32.883,65850.0,117181
2009-08-01,148.27700000000002,2009.0,8.0,53231.0,198047200.0,0.16,188.1,7.5,215.445,80.606,32.883,65850.0,117181
2009-09-01,148.024,2009.0,9.0,53381.0,198371800.0,0.15,189.3,7.8,215.861,80.606,32.883,65850.0,117181
2009-10-01,147.85,2009.0,10.0,53531.0,198663700.0,0.12,189.7,7.4,216.509,80.606,32.883,65850.0,117181
2009-11-01,148.136,2009.0,11.0,53581.666666666664,198712500.0,0.12,189.2,7.6,217.234,80.606,32.883,65850.0,117181
2009-12-01,147.93,2009.0,12.0,53632.333333333336,198771900.0,0.12,189.4,8.0,217.347,80.606,32.883,65850.0,117181
2010-01-01,147.39600000000002,2010.0,1.0,53683.0,198248000.0,0.11,190.3,8.1,217.488,80.772,32.669,64300.0,117538
2010-02-01,145.631,2010.0,2.0,53822.0,198435800.0,0.13,192.2,8.3,217.281,80.772,32.669,64300.0,117538
2010-03-01,145.858,2010.0,3.0,53961.0,198658000.0,0.16,193.7,7.1,217.353,80.772,32.669,64300.0,117538
2010-04-01,146.401,2010.0,4.0,54100.0,198999400.0,0.2,196.5,6.2,217.403,80.772,32.669,64300.0,117538
2010-05-01,146.392,2010.0,5.0,54200.333333333336,199085800.0,0.2,198.9,9.3,217.29,80.772,32.669,64300.0,117538
2010-06-01,145.719,2010.0,6.0,54300.666666666664,198930800.0,0.18,197.2,8.3,217.199,80.772,32.669,64300.0,117538
2010-07-01,144.987,2010.0,7.0,54401.0,199011400.0,0.18,195.6,8.9,217.605,80.772,32.669,64300.0,117538
2010-08-01,143.912,2010.0,8.0,54457.0,199217700.0,0.19,194.1,8.8,217.923,80.772,32.669,64300.0,117538
2010-09-01,143.015,2010.0,9.0,54513.0,199523400.0,0.19,193.9,7.6,218.275,80.772,32.669,64300.0,117538
2010-10-01,142.526,2010.0,10.0,54569.0,199858800.0,0.19,193.8,8.2,219.035,80.772,32.669,64300.0,117538
2010-11-01,142.167,2010.0,11.0,54493.0,199984900.0,0.19,193.6,8.2,219.59,80.772,32.669,64300.0,117538
2010-12-01,142.054,2010.0,12.0,54417.0,200025500.0,0.18,194.2,7.0,220.472,80.772,32.669,64300.0,117538
2011-01-01,141.516,2011.0,1.0,54341.0,199137400.0,0.17,195.9,7.3,221.187,80.944,34.23,63350.0,119927
2011-02-01,140.343,2011.0,2.0,54430.666666666664,199349700.0,0.16,198.1,8.1,221.898,80.944,34.23,63350.0,119927
2011-03-01,139.975,2011.0,3.0,54520.333333333336,199557800.0,0.14,199.7,7.2,223.046,80.944,34.23,63350.0,119927
2011-04-01,140.007,2011.0,4.0,54610.0,199940400.0,0.1,201.1,6.7,224.093,80.944,34.23,63350.0,119927
2011-05-01,139.903,2011.0,5.0,54567.333333333336,200041900.0,0.09,201.6,6.6,224.806,80.944,34.23,63350.0,119927
2011-06-01,139.86,2011.0,6.0,54524.666666666664,199988200.0,0.09,201.9,6.6,224.806,80.944,34.23,63350.0,119927
2011-07-01,139.72799999999998,2011.0,7.0,54482.0,200105400.0,0.07,202.6,6.7,225.395,80.944,34.23,63350.0,119927
2011-08-01,139.308,2011.0,8.0,54647.666666666664,200134400.0,0.1,202.8,6.5,226.106,80.944,34.23,63350.0,119927
2011-09-01,138.667,2011.0,9.0,54813.333333333336,200253200.0,0.08,202.7,6.3,226.597,80.944,34.23,63350.0,119927
2011-10-01,137.951,2011.0,10.0,54979.0,200419700.0,0.07,202.7,6.0,226.75,80.944,34.23,63350.0,119927
2011-11-01,137.15,2011.0,11.0,55100.0,200326200.0,0.08,202.2,5.7,227.169,80.944,34.23,63350.0,119927
2011-12-01,136.672,2011.0,12.0,55221.0,200312300.0,0.07,202.2,5.3,227.223,80.944,34.23,63350.0,119927
2012-01-01,136.606,2012.0,1.0,55342.0,200971900.0,0.08,203.9,5.3,227.842,81.119,33.283,63350.0,121084
2012-02-01,136.531,2012.0,2.0,55391.333333333336,201104200.0,0.1,205.1,4.8,228.329,81.119,33.283,63350.0,121084
2012-03-01,137.90200000000002,2012.0,3.0,55440.666666666664,201258900.0,0.13,205.7,4.9,228.807,81.119,33.283,63350.0,121084
2012-04-01,139.151,2012.0,4.0,55490.0,201504000.0,0.14,206.3,4.9,229.187,81.119,33.283,63350.0,121084
2012-05-01,140.15200000000002,2012.0,5.0,55478.0,201526300.0,0.16,206.5,4.7,228.713,81.119,33.283,63350.0,121084
2012-06-01,141.028,2012.0,6.0,55466.0,201452400.0,0.16,206.6,4.8,228.524,81.119,33.283,63350.0,121084
2012-07-01,141.66899999999998,2012.0,7.0,55454.0,201487700.0,0.16,206.2,4.6,228.59,81.119,33.283,63350.0,121084
2012-08-01,142.278,2012.0,8.0,55437.0,201585400.0,0.13,205.5,4.6,229.918,81.119,33.283,63350.0,121084
2012-09-01,142.906,2012.0,9.0,55420.0,201600400.0,0.14,206.6,4.5,231.015,81.119,33.283,63350.0,121084
2012-10-01,143.597,2012.0,10.0,55403.0,201661600.0,0.16,205.5,4.9,231.638,81.119,33.283,63350.0,121084
2012-11-01,144.58,2012.0,11.0,55555.0,201708900.0,0.16,205.6,4.6,231.249,81.119,33.283,63350.0,121084
2012-12-01,145.497,2012.0,12.0,55707.0,201843200.0,0.16,206.4,4.5,231.221,81.119,33.283,63350.0,121084
2013-01-01,146.82299999999998,2013.0,1.0,55859.0,201723900.0,0.14,208.4,4.0,231.679,81.299,33.213,65740.0,122459
2013-02-01,147.781,2013.0,2.0,55877.333333333336,201888400.0,0.15,209.1,4.1,232.937,81.299,33.213,65740.0,122459
2013-03-01,149.96,2013.0,3.0,55895.666666666664,202027600.0,0.14,209.8,4.2,232.282,81.299,33.213,65740.0,122459
2013-04-01,151.517,2013.0,4.0,55914.0,202177000.0,0.15,210.7,4.4,231.797,81.299,33.213,65740.0,122459
2013-05-01,152.849,2013.0,5.0,56033.333333333336,202292300.0,0.11,209.5,4.6,231.893,81.299,33.213,65740.0,122459
2013-06-01,154.19899999999998,2013.0,6.0,56152.666666666664,202279000.0,0.09,208.8,4.1,232.445,81.299,33.213,65740.0,122459
2013-07-01,155.60399999999998,2013.0,7.0,56272.0,202317000.0,0.09,208.3,5.5,232.9,81.299,33.213,65740.0,122459
2013-08-01,156.961,2013.0,8.0,56395.333333333336,202482500.0,0.08,208.9,5.5,233.456,81.299,33.213,65740.0,122459
2013-09-01,158.22299999999998,2013.0,9.0,56518.666666666664,202625900.0,0.08,208.9,5.4,233.544,81.299,33.213,65740.0,122459
2013-10-01,159.239,2013.0,10.0,56642.0,202701100.0,0.09,209.3,4.9,233.669,81.299,33.213,65740.0,122459
2013-11-01,160.07299999999998,2013.0,11.0,56543.0,202719800.0,0.08,209.8,5.0,234.1,81.299,33.213,65740.0,122459
2013-12-01,160.99200000000002,2013.0,12.0,56444.0,202734500.0,0.09,209.8,5.2,234.719,81.299,33.213,65740.0,122459
2014-01-01,161.923,2014.0,1.0,56345.0,202554100.0,0.07,211.7,5.1,235.288,81.483,33.806,64900.0,123229
2014-02-01,162.52100000000002,2014.0,2.0,56552.666666666664,202683000.0,0.07,212.7,5.3,235.547,81.483,33.806,64900.0,123229
2014-03-01,163.08100000000002,2014.0,3.0,56760.333333333336,202708500.0,0.08,213.4,5.6,236.028,81.483,33.806,64900.0,123229
2014-04-01,163.387,2014.0,4.0,56968.0,202805600.0,0.09,213.6,5.7,236.468,81.483,33.806,64900.0,123229
2014-05-01,163.655,2014.0,5.0,57157.333333333336,202937000.0,0.09,214.3,5.2,236.918,81.483,33.806,64900.0,123229
2014-06-01,164.065,2014.0,6.0,57346.666666666664,203042200.0,0.1,214.5,5.7,237.231,81.483,33.806,64900.0,123229
2014-07-01,164.585,2014.0,7.0,57536.0,203037900.0,0.09,214.8,6.2,237.498,81.483,33.806,64900.0,123229
2014-08-01,165.21099999999998,2014.0,8.0,57591.333333333336,203158700.0,0.09,215.5,5.4,237.46,81.483,33.806,64900.0,123229
2014-09-01,165.90099999999998,2014.0,9.0,57646.666666666664,203208200.0,0.09,215.7,5.4,237.477,81.483,33.806,64900.0,123229
2014-10-01,166.637,2014.0,10.0,57702.0,203258500.0,0.09,215.9,5.3,237.43,81.483,33.806,64900.0,123229
2014-11-01,167.331,2014.0,11.0,57841.666666666664,203376000.0,0.09,215.8,5.7,236.983,81.483,33.806,64900.0,123229
2014-12-01,168.045,2014.0,12.0,57981.333333333336,203422100.0,0.12,215.5,5.1,236.252,81.483,33.806,64900.0,123229
2015-01-01,168.625,2015.0,1.0,58121.0,203861600.0,0.11,215.8,4.8,234.747,81.671,34.859,68410.0,124587
2015-02-01,169.122,2015.0,2.0,58206.0,203946100.0,0.11,215.3,4.5,235.342,81.671,34.859,68410.0,124587
2015-03-01,169.793,2015.0,3.0,58291.0,203977400.0,0.11,215.0,5.1,235.976,81.671,34.859,68410.0,124587
2015-04-01,170.292,2015.0,4.0,58376.0,203993100.0,0.12,214.5,4.9,236.222,81.671,34.859,68410.0,124587
2015-05-01,170.875,2015.0,5.0,58412.666666666664,204206000.0,0.12,213.7,5.0,237.001,81.671,34.859,68410.0,124587
2015-06-01,171.476,2015.0,6.0,58449.333333333336,204414700.0,0.13,213.7,5.4,237.657,81.671,34.859,68410.0,124587
2015-07-01,172.146,2015.0,7.0,58486.0,204513900.0,0.13,213.7,5.2,238.034,81.671,34.859,68410.0,124587
2015-08-01,172.93,2015.0,8.0,58480.666666666664,204554200.0,0.14,213.3,5.0,238.033,81.671,34.859,68410.0,124587
2015-09-01,173.82299999999998,2015.0,9.0,58475.333333333336,204601900.0,0.14,212.5,5.9,237.498,81.671,34.859,68410.0,124587
2015-10-01,174.787,2015.0,10.0,58470.0,204679200.0,0.12,212.4,5.6,237.733,81.671,34.859,68410.0,124587
2015-11-01,175.733,2015.0,11.0,58548.0,204727900.0,0.12,211.7,5.5,238.017,81.671,34.859,68410.0,124587
2015-12-01,176.53599999999997,2015.0,12.0,58626.0,204758500.0,0.24,210.9,5.1,237.761,81.671,34.859,68410.0,124587
2016-01-01,177.261,2016.0,1.0,58704.0,205073500.0,0.34,211.4,5.6,237.652,81.862,37.55,70840.0,125819
2016-02-01,177.639,2016.0,2.0,58731.666666666664,205104200.0,0.38,211.3,5.5,237.336,81.862,37.55,70840.0,125819
2016-03-01,178.15599999999998,2016.0,3.0,58759.333333333336,205205800.0,0.36,211.6,5.5,238.08,81.862,37.55,70840.0,125819
2016-04-01,178.757,2016.0,4.0,58787.0,205257800.0,0.37,212.7,5.0,238.992,81.862,37.55,70840.0,125819
2016-05-01,179.419,2016.0,5.0,58886.0,205414200.0,0.37,213.7,5.1,239.557,81.862,37.55,70840.0,125819
2016-06-01,180.088,2016.0,6.0,58985.0,205551200.0,0.38,214.6,5.3,240.222,81.862,37.55,70840.0,125819
2016-07-01,180.847,2016.0,7.0,59084.0,205694000.0,0.39,215.3,4.5,240.101,81.862,37.55,70840.0,125819
2016-08-01,181.836,2016.0,8.0,59154.666666666664,205675500.0,0.4,216.0,5.0,240.545,81.862,37.55,70840.0,125819
2016-09-01,182.81,2016.0,9.0,59225.333333333336,205731800.0,0.4,215.3,5.2,241.176,81.862,37.55,70840.0,125819
2016-10-01,183.738,2016.0,10.0,59296.0,205844400.0,0.4,214.8,5.2,241.741,81.862,37.55,70840.0,125819
2016-11-01,184.748,2016.0,11.0,59362.0,205828800.0,0.41,214.5,5.2,242.026,81.862,37.55,70840.0,125819
2016-12-01,185.71,2016.0,12.0,59428.0,205939200.0,0.54,215.5,5.4,242.637,81.862,37.55,70840.0,125819
2017-01-01,186.792,2017.0,1.0,59494.0,205382700.0,0.65,217.3,5.4,243.618,82.058,35.771,72090.0,126224
2017-02-01,187.31,2017.0,2.0,59574.666666666664,205427600.0,0.66,218.8,5.3,244.006,82.058,35.771,72090.0,126224
2017-03-01,187.988,2017.0,3.0,59655.333333333336,205329000.0,0.79,219.7,5.0,243.892,82.058,35.771,72090.0,126224
2017-04-01,188.719,2017.0,4.0,59736.0,205360200.0,0.9,221.0,5.4,244.193,82.058,35.771,72090.0,126224
2017-05-01,189.607,2017.0,5.0,59857.0,205472200.0,0.91,221.7,5.1,244.004,82.058,35.771,72090.0,126224
2017-06-01,190.516,2017.0,6.0,59978.0,205641300.0,1.04,221.9,5.3,244.163,82.058,35.771,72090.0,126224
2017-07-01,191.462,2017.0,7.0,60099.0,205746800.0,1.15,221.9,5.8,244.243,82.058,35.771,72090.0,126224
2017-08-01,192.646,2017.0,8.0,60290.666666666664,205744300.0,1.16,222.4,6.1,245.183,82.058,35.771,72090.0,126224
2017-09-01,193.741,2017.0,9.0,60482.333333333336,205679400.0,1.15,223.1,5.3,246.435,82.058,35.771,72090.0,126224
2017-10-01,194.788,2017.0,10.0,60674.0,205727600.0,1.15,223.9,5.5,246.626,82.058,35.771,72090.0,126224
2017-11-01,195.941,2017.0,11.0,60813.666666666664,205752000.0,1.16,223.9,4.8,247.284,82.058,35.771,72090.0,126224
2017-12-01,197.161,2017.0,12.0,60953.333333333336,205858000.0,1.3,224.1,5.6,247.805,82.058,35.771,72090.0,126224
2018-01-01,198.301,2018.0,1.0,61093.0,206369400.0,1.41,225.8,6.0,248.859,82.256,38.859,73030.0,127586
2018-02-01,199.228,2018.0,2.0,61174.0,206278600.0,1.42,228.7,5.7,249.529,82.256,38.859,73030.0,127586
2018-03-01,199.966,2018.0,3.0,61255.0,206232800.0,1.51,231.3,5.2,249.577,82.256,38.859,73030.0,127586
2018-04-01,200.661,2018.0,4.0,61336.0,206235600.0,1.69,232.4,5.6,250.227,82.256,38.859,73030.0,127586
2018-05-01,201.424,2018.0,5.0,61431.333333333336,206416700.0,1.7,236.8,5.5,250.792,82.256,38.859,73030.0,127586
2018-06-01,202.239,2018.0,6.0,61526.666666666664,206576500.0,1.82,239.2,5.8,251.018,82.256,38.859,73030.0,127586
2018-07-01,202.91,2018.0,7.0,61622.0,206633500.0,1.91,239.6,6.0,251.214,82.256,38.859,73030.0,127586
2018-08-01,203.656,2018.0,8.0,61621.0,206715100.0,1.91,239.4,6.5,251.663,82.256,38.859,73030.0,127586
2018-09-01,204.313,2018.0,9.0,61620.0,206667400.0,1.95,240.0,6.6,252.182,82.256,38.859,73030.0,127586
2018-10-01,205.079,2018.0,10.0,61619.0,206648000.0,2.19,238.7,7.2,252.772,82.256,38.859,73030.0,127586
2018-11-01,205.652,2018.0,11.0,61709.0,206611800.0,2.2,238.8,6.4,252.594,82.256,38.859,73030.0,127586
2018-12-01,206.142,2018.0,12.0,61799.0,206776000.0,2.27,238.3,7.6,252.767,82.256,38.859,73030.0,127586
2019-01-01,206.535,2019.0,1.0,61889.0,206330600.0,2.4,238.5,7.0,252.561,82.459,40.185,78250.0,128579.0
2019-02-01,206.86,2019.0,2.0,62036.333333333336,206311400.0,2.4,238.1,6.3,253.319,82.459,40.185,78250.0,128579.0
2019-03-01,207.08,2019.0,3.0,62183.666666666664,206130600.0,2.41,238.1,5.6,254.277,82.459,40.185,78250.0,128579.0
2019-04-01,207.533,2019.0,4.0,62331.0,206190300.0,2.42,237.2,5.7,255.233,82.459,40.185,78250.0,128579.0
2019-05-01,208.15,2019.0,5.0,62535.666666666664,206465400.0,2.39,237.3,6.5,255.296,82.459,40.185,78250.0,128579.0
2019-06-01,208.644,2019.0,6.0,62740.333333333336,206526300.0,2.38,236.3,5.4,255.213,82.459,40.185,78250.0,128579.0
2019-07-01,209.249,2019.0,7.0,62945.0,206375800.0,2.4,235.6,6.1,255.802,82.459,40.185,78250.0,128579.0
2019-08-01,210.023,2019.0,8.0,63049.0,206384100.0,2.13,234.4,5.5,256.036,82.459,40.185,78250.0,128579.0
2019-09-01,210.836,2019.0,9.0,63153.0,206304900.0,2.04,234.4,5.4,256.43,82.459,40.185,78250.0,128579.0
2019-10-01,211.729,2019.0,10.0,63257.0,206187800.0,1.83,233.8,5.3,257.155,82.459,40.185,78250.0,128579.0
2019-11-01,212.771,2019.0,11.0,62949.0,206203400.0,1.55,232.8,5.4,257.879,82.459,40.185,78250.0,128579.0
2019-12-01,213.938,2019.0,12.0,62641.0,206268500.0,1.55,232.2,5.5,258.63,82.459,40.185,78250.0,128579.0
2020-01-01,215.031,2020.0,1.0,62333.0,205747900.0,1.55,233.4,5.7,258.906,82.664,44.147,76660.0,128451.0
2020-02-01,215.897,2020.0,2.0,60683.0,205649800.0,1.58,234.6,5.6,259.246,82.664,44.147,76660.0,128451.0
2020-03-01,216.457,2020.0,3.0,59033.0,205302700.0,0.65,236.3,6.4,258.15,82.664,44.147,76660.0,128451.0
2020-04-01,216.858,2020.0,4.0,57383.0,206899600.0,0.05,234.3,6.7,256.126,82.664,44.147,76660.0,128451.0
2020-05-01,216.999,2020.0,5.0,58856.333333333336,206848900.0,0.05,233.3,5.3,255.848,82.664,44.147,76660.0,128451.0
2020-06-01,217.577,2020.0,6.0,60329.666666666664,205536000.0,0.08,234.8,4.0,257.004,82.664,44.147,76660.0,128451.0
2020-07-01,219.287,2020.0,7.0,61803.0,205353400.0,0.09,237.0,3.5,258.408,82.664,44.147,76660.0,128451.0
2020-08-01,222.26,2020.0,8.0,62005.666666666664,205688400.0,0.1,240.9,3.3,259.366,82.664,44.147,76660.0,128451.0
2020-09-01,225.723,2020.0,9.0,62208.333333333336,206084100.0,0.09,246.9,3.5,259.951,82.664,44.147,76660.0,128451.0
2020-10-01,229.649,2020.0,10.0,62411.0,205972600.0,0.09,246.4,3.3,260.249,82.664,44.147,76660.0,128451.0
2020-11-01,233.218,2020.0,11.0,62682.0,206186900.0,0.09,244.3,3.9,260.895,82.664,44.147,76660.0,128451.0
2020-12-01,236.542,2020.0,12.0,62953.0,206156100.0,0.09,248.0,4.1,262.005,82.664,44.147,76660.0,128451.0
2021-01-01,239.68,2021.0,1.0,63224.0,205153400.0,0.09,256.4,4.1,262.518,82.873,45.299,76330.0,129224.0
2021-02-01,242.428,2021.0,2.0,63533.666666666664,205157000.0,0.08,264.6,4.8,263.583,82.873,45.299,76330.0,129224.0
2021-03-01,245.541,2021.0,3.0,63843.333333333336,205127400.0,0.07,276.7,4.3,264.91,82.873,45.299,76330.0,129224.0
2021-04-01,249.125,2021.0,4.0,64153.0,205502000.0,0.07,291.8,4.6,266.752,82.873,45.299,76330.0,129224.0
2021-05-01,253.419,2021.0,5.0,64305.666666666664,205648300.0,0.06,305.9,5.5,268.452,82.873,45.299,76330.0,129224.0
2021-06-01,258.246,2021.0,6.0,64458.333333333336,205397300.0,0.08,315.7,6.0,270.664,82.873,45.299,76330.0,129224.0
2021-07-01,262.616,2021.0,7.0,64611.0,205301200.0,0.1,313.542,6.0,271.994,82.873,45.299,76330.0,129224.0
2021-08-01,266.582,2021.0,8.0,64956.666666666664,205297700.0,0.09,313.083,6.5,272.789,82.873,45.299,76330.0,129224.0
2021-09-01,270.166,2021.0,9.0,65302.333333333336,205467700.0,0.08,317.136,6.2,273.887,82.873,45.299,76330.0,129224.0
2021-10-01,273.546,2021.0,10.0,65648.0,205331300.0,0.08,322.12,6.7,276.434,82.873,45.299,76330.0,129224.0
2021-11-01,277.262,2021.0,11.0,65526.666666666664,205362500.0,0.08,328.94,5.9,278.799,82.873,45.299,76330.0,129224.0
2021-12-01,281.486,2021.0,12.0,65405.333333333336,205328300.0,0.08,335.032,5.6,280.808,82.873,45.299,76330.0,129224.0
2022-01-01,286.172,2022.0,1.0,65284.0,207070000.0,0.08,345.742,5.9,282.39,83.084,48.021,74580.0,131202.0
2022-02-01,291.242,2022.0,2.0,65231.666666666664,207000000.0,0.08,343.583,6.1,284.535,83.084,48.021,74580.0,131202.0
2022-03-01,296.512,2022.0,3.0,65179.333333333336,206832800.0,0.2,345.852,6.9,287.553,83.084,48.021,74580.0,131202.0
2022-04-01,300.584,2022.0,4.0,65127.0,206943900.0,0.33,343.786,8.2,288.764,83.084,48.021,74580.0,131202.0
2022-05-01,303.704,2022.0,5.0,65241.0,207138800.0,0.77,353.015,8.1,291.359,83.084,48.021,74580.0,131202.0
2022-06-01,304.468,2022.0,6.0,65355.0,207380600.0,1.21,349.8,9.9,294.996,83.084,48.021,74580.0,131202.0
2022-07-01,303.505,2022.0,7.0,65469.0,207450900.0,1.68,346.79,10.6,294.977,83.084,48.021,74580.0,131202.0
2022-08-01,301.029,2022.0,8.0,65579.0,207438500.0,2.33,342.753,8.6,295.209,83.084,48.021,74580.0,131202.0
2022-09-01,299.006,2022.0,9.0,65689.0,207503400.0,2.56,336.464,9.9,296.341,83.084,48.021,74580.0,131202.0
2022-10-01,298.612,2022.0,10.0,65799.0,207522800.0,3.08,333.796,9.7,297.863,83.084,48.021,74580.0,131202.0
2022-11-01,298.332,2022.0,11.0,65898.0,207587800.0,3.78,330.369,9.2,298.648,83.084,48.021,74580.0,131202.0
2022-12-01,297.628,2022.0,12.0,65997.0,207569600.0,4.1,326.449,8.6,298.812,83.084,48.021,74580.0,131202.0
